Name,Section,Title,Subject,Topic,OpenSeats,Credits
Drawing,001,Drawing,Fine Arts (RCARTS) Open Sections,,"   5",4.00
Photography,001,Photography,Fine Arts (RCARTS) Open Sections,,"   2",4.00
Photography,002,Photography,Fine Arts (RCARTS) Open Sections,,"   7",4.00
Photography,003,Photography,Fine Arts (RCARTS) Open Sections,,"   3",4.00
Ceramics I,003,Ceramics I,Fine Arts (RCARTS) Open Sections,,"   3",4.00
Visual Art in Prison,001,Visual Art in Prison,Fine Arts (RCARTS) Open Sections,,"   3",4.00
Book Arts,001,Book Arts,Fine Arts (RCARTS) Open Sections,,"   1",4.00
Sp Tpcs: Visual Arts,002,Sp Tpcs: Visual Arts,Fine Arts (RCARTS) Open Sections,,"   5",4.00
Photography II,002,Photography II,Fine Arts (RCARTS) Open Sections,,"   7",4.00
Photography III,002,Photography III,Fine Arts (RCARTS) Open Sections,,"   7",4.00
Furniture II,001,Furniture II,Fine Arts (RCARTS) Open Sections,,"   2",4.00
Furniture III,001,Furniture III,Fine Arts (RCARTS) Open Sections,,"   2",4.00
Ceramics II,002,Ceramics II,Fine Arts (RCARTS) Open Sections,,"   1",4.00
Ceramics II,003,Ceramics II,Fine Arts (RCARTS) Open Sections,,"   3",4.00
Ceramics III,002,Ceramics III,Fine Arts (RCARTS) Open Sections,,"   1",4.00
Ceramics III,003,Ceramics III,Fine Arts (RCARTS) Open Sections,,"   3",4.00
Adv Topics Vis Arts,001,Adv Topics Vis Arts,Fine Arts (RCARTS) Open Sections,,"  10",1.00
Intro to Dance,002,Intro to Dance,Dance (DANCE) Open Sections,,"   6",1.00
Intro to Dance,003,Intro to Dance,Dance (DANCE) Open Sections,,"   2",1.00
Intro to Dance,008,Intro to Dance,Dance (DANCE) Open Sections,,"  19",1.00
Intro to Dance,009,Intro to Dance,Dance (DANCE) Open Sections,,"   9",1.00
Intro to Dance,012,Intro to Dance,Dance (DANCE) Open Sections,,"  11",1.00
Intro to Dance,013,Intro to Dance,Dance (DANCE) Open Sections,,"   4",1.00
Intro to Dance,014,Intro to Dance,Dance (DANCE) Open Sections,,"   3",1.00
Intro to Dance,015,Intro to Dance,Dance (DANCE) Open Sections,,"  15",1.00
Intro to Dance,016,Intro to Dance,Dance (DANCE) Open Sections,,"  30",1.00
Intro to Dance,017,Intro to Dance,Dance (DANCE) Open Sections,,"  20",1.00
Styles I,001,Styles I,Dance (DANCE) Open Sections,,"  24",1.00
Ballet I,001,Ballet I,Dance (DANCE) Open Sections,,"  30",1.00
Ballet I,001,Ballet I,Dance (DANCE) Open Sections,,"  28",1.00
Ballet Fundamental 1,001,Ballet Fundamental 1,Dance (DANCE) Open Sections,,"  12",1.00
First-Year Repertory,001,First-Year Repertory,Dance (DANCE) Open Sections,,"  50",1.00
First-Year Repertory,001,First-Year Repertory,Dance (DANCE) Open Sections,,"  50",1.00
First-Year Repertory,002,First-Year Repertory,Dance (DANCE) Open Sections,,"  50",1.00
First-Year Repertory,002,First-Year Repertory,Dance (DANCE) Open Sections,,"  50",1.00
First-Year Repertory,003,First-Year Repertory,Dance (DANCE) Open Sections,,"  50",1.00
First-Year Repertory,003,First-Year Repertory,Dance (DANCE) Open Sections,,"  50",1.00
First-Year Repertory,004,First-Year Repertory,Dance (DANCE) Open Sections,,"  50",1.00
First-Year Repertory,004,First-Year Repertory,Dance (DANCE) Open Sections,,"  50",1.00
First-Year Repertory,006,First-Year Repertory,Dance (DANCE) Open Sections,,"   4",1.00
First-Year Lab,003,First-Year Lab,Dance (DANCE) Open Sections,,"  11",1.00
Dance Comp 1,001,Dance Comp 1,Dance (DANCE) Open Sections,,"  28",2.00
Dance Minor Comp,001,Dance Minor Comp,Dance (DANCE) Open Sections,,"  11",2.00
Anatomy Physiology,001,Anatomy Physiology,Dance (DANCE) Open Sections,,"  12",3.00
Anatomy Physiology,002,Anatomy Physiology,Dance (DANCE) Open Sections,,"  15",3.00
Acting Fundamentals,001,Acting Fundamentals,Dance (DANCE) Open Sections,,"  17",1.00
Pilates Intro,001,Pilates Intro,Dance (DANCE) Open Sections,,"   8",1.00
1st Year Seminar,001,1st Year Seminar,Dance (DANCE) Open Sections,,"  22",2.00
Floorwrk Fundamental,001,Floorwrk Fundamental,Dance (DANCE) Open Sections,,"   3",1.00
Styles II,001,Styles II,Dance (DANCE) Open Sections,,"  20",1.00
Tai Chi Fusion,001,Tai Chi Fusion,Dance (DANCE) Open Sections,,"  20",1.00
Ballet II,001,Ballet II,Dance (DANCE) Open Sections,,"   3",1.00
Sophomore Repertory,001,Sophomore Repertory,Dance (DANCE) Open Sections,,"  50",1.00
Sophomore Repertory,001,Sophomore Repertory,Dance (DANCE) Open Sections,,"  50",1.00
Sophomore Repertory,002,Sophomore Repertory,Dance (DANCE) Open Sections,,"  50",1.00
Sophomore Repertory,002,Sophomore Repertory,Dance (DANCE) Open Sections,,"  50",1.00
Sophomore Repertory,003,Sophomore Repertory,Dance (DANCE) Open Sections,,"  50",1.00
Sophomore Repertory,003,Sophomore Repertory,Dance (DANCE) Open Sections,,"  50",1.00
Sophomore Repertory,004,Sophomore Repertory,Dance (DANCE) Open Sections,,"  50",1.00
Sophomore Repertory,004,Sophomore Repertory,Dance (DANCE) Open Sections,,"  50",1.00
Sophomore Repertory,006,Sophomore Repertory,Dance (DANCE) Open Sections,,"   1",1.00
Sophomore Lab,001,Sophomore Lab,Dance (DANCE) Open Sections,,"  10",1.00
Sophomore Lab,002,Sophomore Lab,Dance (DANCE) Open Sections,,"  10",1.00
Sophomore Lab,003,Sophomore Lab,Dance (DANCE) Open Sections,,"  11",1.00
Dance Comp 3,001,Dance Comp 3,Dance (DANCE) Open Sections,,"   8",2.00
Congolese Dance I,001,Congolese Dance I,Dance (DANCE) Open Sections,,"  27",1.00
Afro-Caribbean,001,Afro-Caribbean,Dance (DANCE) Open Sections,,"  30",1.00
Modern Dance III,002,Modern Dance III,Dance (DANCE) Open Sections,,"  27",1.00
Styles III/IV,001,Styles III/IV,Dance (DANCE) Open Sections,,"  10",1.00
Junior Repertory,001,Junior Repertory,Dance (DANCE) Open Sections,,"  50",1.00
Junior Repertory,001,Junior Repertory,Dance (DANCE) Open Sections,,"  50",1.00
Junior Repertory,002,Junior Repertory,Dance (DANCE) Open Sections,,"  50",1.00
Junior Repertory,002,Junior Repertory,Dance (DANCE) Open Sections,,"  50",1.00
Junior Repertory,003,Junior Repertory,Dance (DANCE) Open Sections,,"  50",1.00
Junior Repertory,003,Junior Repertory,Dance (DANCE) Open Sections,,"  50",1.00
Junior Repertory,004,Junior Repertory,Dance (DANCE) Open Sections,,"  50",1.00
Junior Repertory,004,Junior Repertory,Dance (DANCE) Open Sections,,"  50",1.00
Junior Repertory,006,Junior Repertory,Dance (DANCE) Open Sections,,"  25",1.00
Junior Lab,001,Junior Lab,Dance (DANCE) Open Sections,,"  10",1.00
Junior Lab,002,Junior Lab,Dance (DANCE) Open Sections,,"  10",1.00
Adv Solo Comp,001,Adv Solo Comp,Dance (DANCE) Open Sections,,"   5",2.00
Thesis Project Lab,001,Thesis Project Lab,Dance (DANCE) Open Sections,,"   5",1.00
Thesis Project Lab,002,Thesis Project Lab,Dance (DANCE) Open Sections,,"   5",1.00
Thesis Project Lab,003,Thesis Project Lab,Dance (DANCE) Open Sections,,"   3",1.00
Thesis Project Lab,004,Thesis Project Lab,Dance (DANCE) Open Sections,,"  24",1.00
Floorwork III/IV,003,Floorwork III/IV,Dance (DANCE) Open Sections,,"  11",1.00
Modern Dance IV,004,Modern Dance IV,Dance (DANCE) Open Sections,,"  25",1.00
Modern Dance IV,005,Modern Dance IV,Dance (DANCE) Open Sections,,"  17",1.00
Adv Partnering,001,Adv Partnering,Dance (DANCE) Open Sections,,"  13",1.00
Ballet IV,001,Ballet IV,Dance (DANCE) Open Sections,,"   8",1.00
Senior Repertory,001,Senior Repertory,Dance (DANCE) Open Sections,,"  50",1.00
Senior Repertory,001,Senior Repertory,Dance (DANCE) Open Sections,,"  50",1.00
Senior Repertory,002,Senior Repertory,Dance (DANCE) Open Sections,,"  50",1.00
Senior Repertory,002,Senior Repertory,Dance (DANCE) Open Sections,,"  50",1.00
Senior Repertory,003,Senior Repertory,Dance (DANCE) Open Sections,,"  50",1.00
Senior Repertory,003,Senior Repertory,Dance (DANCE) Open Sections,,"  50",1.00
Senior Repertory,004,Senior Repertory,Dance (DANCE) Open Sections,,"  50",1.00
Senior Repertory,004,Senior Repertory,Dance (DANCE) Open Sections,,"  50",1.00
Senior Repertory,006,Senior Repertory,Dance (DANCE) Open Sections,,"  15",1.00
Senior Lab,001,Senior Lab,Dance (DANCE) Open Sections,,"  10",1.00
Senior Lab,002,Senior Lab,Dance (DANCE) Open Sections,,"  10",1.00
Senior Lab,003,Senior Lab,Dance (DANCE) Open Sections,,"  11",1.00
Dramaturgy,001,Dramaturgy,Dance (DANCE) Open Sections,,"  15",3.00
Dance&Technology,001,Dance&Technology,Dance (DANCE) Open Sections,,"  15",3.00
Writing Dancing,001,Writing Dancing,Dance (DANCE) Open Sections,,"  21",3.00
Teaching Methods,002,Teaching Methods,Dance (DANCE) Open Sections,,"   3",3.00
Senior Concert,001,Senior Concert,Dance (DANCE) Open Sections,,"   6",4.00
Special Topics,001,Special Topics,Dance (DANCE) Open Sections,,"  19",1.00-3.00
Special Topics,002,Special Topics,Dance (DANCE) Open Sections,,"   8",1.00-3.00
Special Topics,003,Special Topics,Dance (DANCE) Open Sections,,"  16",1.00-3.00
Special Topics,005,Special Topics,Dance (DANCE) Open Sections,,"  25",1.00-3.00
Independent Study,003,Independent Study,Dance (DANCE) Open Sections,,"  25",1.00-3.00
Independent Study,004,Independent Study,Dance (DANCE) Open Sections,,"  25",1.00-3.00
Independent Study,006,Independent Study,Dance (DANCE) Open Sections,,"  25",1.00-3.00
Independent Study,115,Independent Study,Dance (DANCE) Open Sections,,"  25",1.00-3.00
Independent Study,118,Independent Study,Dance (DANCE) Open Sections,,"  25",1.00-3.00
Independent Study,601,Independent Study,Dance (DANCE) Open Sections,,"  25",1.00-3.00
Independent Study,602,Independent Study,Dance (DANCE) Open Sections,,"  25",1.00-3.00
Independent Study,604,Independent Study,Dance (DANCE) Open Sections,,"  25",1.00-3.00
Independent Study,607,Independent Study,Dance (DANCE) Open Sections,,"  25",1.00-3.00
Independent Study,608,Independent Study,Dance (DANCE) Open Sections,,"  25",1.00-3.00
Field Experience,006,Field Experience,Dance (DANCE) Open Sections,,"  20",1.00-3.00
Field Experience,002,Field Experience,Dance (DANCE) Open Sections,,"  25",1.00-3.00
Field Experience,003,Field Experience,Dance (DANCE) Open Sections,,"  25",1.00-3.00
Field Experience,007,Field Experience,Dance (DANCE) Open Sections,,"  25",1.00-3.00
Field Experience,001,Field Experience,Dance (DANCE) Open Sections,,"  25",1.00-3.00
RIA 1,001,RIA 1,Dance (DANCE) Open Sections,,"  10",3.00
Ballet,001,Ballet,Dance (DANCE) Open Sections,,"   8",1.00
Ballet,003,Ballet,Dance (DANCE) Open Sections,,"  10",1.00
Contemporary Dance,003,Contemporary Dance,Dance (DANCE) Open Sections,,"  10",1.00
Contemporary Dance,004,Contemporary Dance,Dance (DANCE) Open Sections,,"  10",1.00
Contemporary Dance,006,Contemporary Dance,Dance (DANCE) Open Sections,,"  27",1.00
Contemporary Dance,007,Contemporary Dance,Dance (DANCE) Open Sections,,"  11",1.00
Contemporary Dance,008,Contemporary Dance,Dance (DANCE) Open Sections,,"  11",1.00
Contemporary Dance,011,Contemporary Dance,Dance (DANCE) Open Sections,,"  13",1.00
Contemporary Dance,012,Contemporary Dance,Dance (DANCE) Open Sections,,"   8",1.00
IS: Dance Technique,004,IS: Dance Technique,Dance (DANCE) Open Sections,,"  25",1.00-3.00
IS: Dance Technique,027,IS: Dance Technique,Dance (DANCE) Open Sections,,"  25",1.00-3.00
IS: Dance Technique,118,IS: Dance Technique,Dance (DANCE) Open Sections,,"  25",1.00-3.00
IS: Dance Technique,608,IS: Dance Technique,Dance (DANCE) Open Sections,,"  25",1.00-3.00
UDC,001,UDC,Dance (DANCE) Open Sections,,"  50",1.00
UDC,001,UDC,Dance (DANCE) Open Sections,,"  50",1.00
UDC,002,UDC,Dance (DANCE) Open Sections,,"  50",1.00
UDC,002,UDC,Dance (DANCE) Open Sections,,"  50",1.00
UDC,003,UDC,Dance (DANCE) Open Sections,,"  50",1.00
UDC,003,UDC,Dance (DANCE) Open Sections,,"  50",1.00
UDC,004,UDC,Dance (DANCE) Open Sections,,"  50",1.00
UDC,004,UDC,Dance (DANCE) Open Sections,,"  50",1.00
IS: Perform/Rep,003,IS: Perform/Rep,Dance (DANCE) Open Sections,,"  25",1.00-3.00
IS: Perform/Rep,115,IS: Perform/Rep,Dance (DANCE) Open Sections,,"  25",1.00-3.00
IS: Perform/Rep,118,IS: Perform/Rep,Dance (DANCE) Open Sections,,"  25",1.00-3.00
IS: Perform/Rep,601,IS: Perform/Rep,Dance (DANCE) Open Sections,,"  25",1.00-3.00
IS: Perform/Rep,602,IS: Perform/Rep,Dance (DANCE) Open Sections,,"  25",1.00-3.00
IS: Perform/Rep,604,IS: Perform/Rep,Dance (DANCE) Open Sections,,"  25",1.00-3.00
IS: Perform/Rep,607,IS: Perform/Rep,Dance (DANCE) Open Sections,,"  25",1.00-3.00
IS: Perform/Rep,608,IS: Perform/Rep,Dance (DANCE) Open Sections,,"  25",1.00-3.00
Perf Improv 1,001,Perf Improv 1,Dance (DANCE) Open Sections,,"  20",1.00-3.00
Dramaturgy,001,Dramaturgy,Dance (DANCE) Open Sections,,"  15",3.00
ST: Choreography,001,ST: Choreography,Dance (DANCE) Open Sections,,"   5",1.00-3.00
FE: Choreography,001,FE: Choreography,Dance (DANCE) Open Sections,,"   5",1.00-3.00
IS: Choreography,003,IS: Choreography,Dance (DANCE) Open Sections,,"  25",1.00-3.00
IS: Choreography,004,IS: Choreography,Dance (DANCE) Open Sections,,"  25",1.00-3.00
IS: Choreography,118,IS: Choreography,Dance (DANCE) Open Sections,,"  25",1.00-3.00
IS: Choreography,601,IS: Choreography,Dance (DANCE) Open Sections,,"  25",1.00-3.00
IS: Choreography,607,IS: Choreography,Dance (DANCE) Open Sections,,"  25",1.00-3.00
IS: Choreography,608,IS: Choreography,Dance (DANCE) Open Sections,,"  25",1.00-3.00
Screendance 1,001,Screendance 1,Dance (DANCE) Open Sections,,"  15",3.00
ST: Screendance,001,ST: Screendance,Dance (DANCE) Open Sections,,"  25",1.00-3.00
FE: Screendance,001,FE: Screendance,Dance (DANCE) Open Sections,,"   5",1.00-3.00
IS: Screendance,001,IS: Screendance,Dance (DANCE) Open Sections,,"   5",1.00-3.00
Writing Dancing,001,Writing Dancing,Dance (DANCE) Open Sections,,"  21",3.00
Pegagogy: P&P,001,Pegagogy: P&P,Dance (DANCE) Open Sections,,"  10",3.00
IS: Dance Education,003,IS: Dance Education,Dance (DANCE) Open Sections,,"  25",1.00-3.00
IS: Dance Education,004,IS: Dance Education,Dance (DANCE) Open Sections,,"  25",1.00-3.00
IS: Dance Education,005,IS: Dance Education,Dance (DANCE) Open Sections,,"  25",1.00-3.00
IS: Dance Education,006,IS: Dance Education,Dance (DANCE) Open Sections,,"  25",1.00-3.00
IS: Dance Education,118,IS: Dance Education,Dance (DANCE) Open Sections,,"  25",1.00-3.00
IS: Dance Education,602,IS: Dance Education,Dance (DANCE) Open Sections,,"  25",1.00-3.00
IS: Dance Education,608,IS: Dance Education,Dance (DANCE) Open Sections,,"  25",1.00-3.00
IS: Dance Education,619,IS: Dance Education,Dance (DANCE) Open Sections,,"  25",1.00-3.00
Ballet,001,Ballet,Dance (DANCE) Open Sections,,"   8",1.00
Ballet,003,Ballet,Dance (DANCE) Open Sections,,"  10",1.00
Contemporary Dance,006,Contemporary Dance,Dance (DANCE) Open Sections,,"  27",1.00
Contemporary Dance,003,Contemporary Dance,Dance (DANCE) Open Sections,,"  10",1.00
Contemporary Dance,004,Contemporary Dance,Dance (DANCE) Open Sections,,"  10",1.00
Contemporary Dance,001,Contemporary Dance,Dance (DANCE) Open Sections,,"  11",1.00
Contemporary Dance,007,Contemporary Dance,Dance (DANCE) Open Sections,,"  11",1.00
Contemporary Dance,008,Contemporary Dance,Dance (DANCE) Open Sections,,"  11",1.00
Contemporary Dance,010,Contemporary Dance,Dance (DANCE) Open Sections,,"   2",1.00
Contemporary Dance,011,Contemporary Dance,Dance (DANCE) Open Sections,,"  13",1.00
Contemporary Dance,012,Contemporary Dance,Dance (DANCE) Open Sections,,"   2",1.00
FE: Dance Technique,001,FE: Dance Technique,Dance (DANCE) Open Sections,,"  25",1.00-3.00
IS: Dance Technique,001,IS: Dance Technique,Dance (DANCE) Open Sections,,"  25",1.00-3.00
IS: Dance Technique,004,IS: Dance Technique,Dance (DANCE) Open Sections,,"  25",1.00-3.00
IS: Dance Technique,118,IS: Dance Technique,Dance (DANCE) Open Sections,,"  25",1.00-3.00
IS: Dance Technique,602,IS: Dance Technique,Dance (DANCE) Open Sections,,"  25",1.00-3.00
UDC,001,UDC,Dance (DANCE) Open Sections,,"  50",1.00
UDC,001,UDC,Dance (DANCE) Open Sections,,"  50",1.00
UDC,002,UDC,Dance (DANCE) Open Sections,,"  50",1.00
UDC,002,UDC,Dance (DANCE) Open Sections,,"  50",1.00
UDC,003,UDC,Dance (DANCE) Open Sections,,"  50",1.00
UDC,003,UDC,Dance (DANCE) Open Sections,,"  50",1.00
UDC,004,UDC,Dance (DANCE) Open Sections,,"  50",1.00
UDC,004,UDC,Dance (DANCE) Open Sections,,"  50",1.00
FE: Perform/Rep,001,FE: Perform/Rep,Dance (DANCE) Open Sections,,"   5",1.00-3.00
IS: Perform/Rep,602,IS: Perform/Rep,Dance (DANCE) Open Sections,,"  25",1.00-3.00
IS: Perform/Rep,608,IS: Perform/Rep,Dance (DANCE) Open Sections,,"  25",1.00-3.00
Grad Studio,001,Grad Studio,Dance (DANCE) Open Sections,,"   8",3.00
Perf Improv 2,001,Perf Improv 2,Dance (DANCE) Open Sections,,"  20",3.00
FE: Choreography,001,FE: Choreography,Dance (DANCE) Open Sections,,"   5",1.00-3.00
IS: Choreography,003,IS: Choreography,Dance (DANCE) Open Sections,,"  25",1.00-3.00
IS: Choreography,004,IS: Choreography,Dance (DANCE) Open Sections,,"  25",1.00-3.00
IS: Choreography,118,IS: Choreography,Dance (DANCE) Open Sections,,"  25",1.00-3.00
IS: Choreography,601,IS: Choreography,Dance (DANCE) Open Sections,,"  25",1.00-3.00
IS: Choreography,608,IS: Choreography,Dance (DANCE) Open Sections,,"  25",1.00-3.00
Screendance 2,001,Screendance 2,Dance (DANCE) Open Sections,,"  15",3.00
ST: Screendance,001,ST: Screendance,Dance (DANCE) Open Sections,,"  25",1.00-3.00
FE: Screendance,001,FE: Screendance,Dance (DANCE) Open Sections,,"  25",1.00-3.00
IS: Screendance,003,IS: Screendance,Dance (DANCE) Open Sections,,"  25",1.00-3.00
IS: Screendance,118,IS: Screendance,Dance (DANCE) Open Sections,,"  25",1.00-3.00
Thesis 2: Proposal,003,Thesis 2: Proposal,Dance (DANCE) Open Sections,,"  25",2.00
Thesis 2: Proposal,004,Thesis 2: Proposal,Dance (DANCE) Open Sections,,"  25",2.00
Thesis 2: Proposal,601,Thesis 2: Proposal,Dance (DANCE) Open Sections,,"  25",2.00
Thesis 2: Proposal,607,Thesis 2: Proposal,Dance (DANCE) Open Sections,,"  25",2.00
Thesis 2: Proposal,608,Thesis 2: Proposal,Dance (DANCE) Open Sections,,"  25",2.00
Thesis 3: Project,001,Thesis 3: Project,Dance (DANCE) Open Sections,,"  25",6.00
Thesis 3: Project,003,Thesis 3: Project,Dance (DANCE) Open Sections,,"  25",6.00
Thesis 3: Project,004,Thesis 3: Project,Dance (DANCE) Open Sections,,"  25",6.00
Thesis 3: Project,608,Thesis 3: Project,Dance (DANCE) Open Sections,,"  25",6.00
Intro Basic Craft,311,Intro Basic Craft,Composition (COMP) Open Sections,,"  25",2.00-3.00
Contd Basic Craft,311,Contd Basic Craft,Composition (COMP) Open Sections,,"  25",2.00-3.00
Adv Composition,311,Adv Composition,Composition (COMP) Open Sections,,"  25",2.00-4.00
Adv Composition,311,Adv Composition,Composition (COMP) Open Sections,,"  25",2.00-4.00
Intro Electron Mus,002,Intro Electron Mus,Composition (COMP) Open Sections,,"   8",2.00
Intro Electron Mus,003,Intro Electron Mus,Composition (COMP) Open Sections,,"  10",2.00
Intro Electron Mus,005,Intro Electron Mus,Composition (COMP) Open Sections,,"   7",2.00
Intro Electron Mus,001,Intro Electron Mus,Composition (COMP) Open Sections,," ",2.00
Sem Electron Mus,001,Sem Electron Mus,Composition (COMP) Open Sections,,"   9",2.00
Creative Comp,001,Creative Comp,Composition (COMP) Open Sections,,"   7",3.00
Adv Composition,306,Adv Composition,Composition (COMP) Open Sections,,"  25",2.00-4.00
Adv Composition,306,Adv Composition,Composition (COMP) Open Sections,,"  25",2.00-4.00
Adv Composition,307,Adv Composition,Composition (COMP) Open Sections,,"  25",2.00-4.00
Adv Composition,305,Adv Composition,Composition (COMP) Open Sections,,"  25",2.00-4.00
Adv Composition,311,Adv Composition,Composition (COMP) Open Sections,,"  25",2.00-4.00
Adv Composition,311,Adv Composition,Composition (COMP) Open Sections,,"  25",2.00-4.00
Undergrad Seminar,001,Undergrad Seminar,Composition (COMP) Open Sections,,"  16",1.00
Intro Electron Mus,002,Intro Electron Mus,Composition (COMP) Open Sections,,"   8",2.00
Intro Electron Mus,003,Intro Electron Mus,Composition (COMP) Open Sections,,"  10",2.00
Intro Electron Mus,004,Intro Electron Mus,Composition (COMP) Open Sections,,"   4",2.00
Intro Electron Mus,005,Intro Electron Mus,Composition (COMP) Open Sections,,"   7",2.00
Sem Electron Mus,001,Sem Electron Mus,Composition (COMP) Open Sections,,"   5",2.00
Grad Composition,311,Grad Composition,Composition (COMP) Open Sections,,"  25",2.00-4.00
Adv Stdy Elec Mus,001,Adv Stdy Elec Mus,Composition (COMP) Open Sections,,"   9",2.00
Grad Stds in Comp,311,Grad Stds in Comp,Composition (COMP) Open Sections,,"  25",4.00
Grad Stds in Comp,311,Grad Stds in Comp,Composition (COMP) Open Sections,,"  25",4.00
Seminar in Comp,001,Seminar in Comp,Composition (COMP) Open Sections,,"  44",2.00
Independent Study,115,Independent Study,Composition (COMP) Open Sections,,"  25",2.00-4.00
Independent Study,308,Independent Study,Composition (COMP) Open Sections,,"  25",2.00-4.00
Adv Sem in Comp,001,Adv Sem in Comp,Composition (COMP) Open Sections,,"  44",2.00
Doct Stds in Comp,311,Doct Stds in Comp,Composition (COMP) Open Sections,,"  25",4.00-6.00
Doct Stds in Comp,311,Doct Stds in Comp,Composition (COMP) Open Sections,,"  25",4.00-6.00
Preliminary Exam,306,Preliminary Exam,Composition (COMP) Open Sections,,"  25",1.00
Preliminary Exam,307,Preliminary Exam,Composition (COMP) Open Sections,,"  25",1.00
Preliminary Exam,310,Preliminary Exam,Composition (COMP) Open Sections,,"  25",1.00
Diss-Precand,305,Diss-Precand,Composition (COMP) Open Sections,,"  35",1.00-8.00
Diss-Precand,306,Diss-Precand,Composition (COMP) Open Sections,,"  25",1.00-8.00
Diss-Precand,307,Diss-Precand,Composition (COMP) Open Sections,,"  25",1.00-8.00
Diss-Precand,308,Diss-Precand,Composition (COMP) Open Sections,,"  35",1.00-8.00
Diss-Precand,310,Diss-Precand,Composition (COMP) Open Sections,,"  25",1.00-8.00
Diss-Cand,115,Diss-Cand,Composition (COMP) Open Sections,,"  25",8.00
Diss-Cand,305,Diss-Cand,Composition (COMP) Open Sections,,"  35",8.00
Diss-Cand,306,Diss-Cand,Composition (COMP) Open Sections,,"  25",8.00
Diss-Cand,307,Diss-Cand,Composition (COMP) Open Sections,,"  35",8.00
Diss-Cand,308,Diss-Cand,Composition (COMP) Open Sections,,"  35",8.00
Diss-Cand,310,Diss-Cand,Composition (COMP) Open Sections,,"  25",8.00
Independent Study,001,Independent Study,Music Performance (MUSPERF) Open Sections,,"   1",1.00-4.00
Independent Study,087,Independent Study,Music Performance (MUSPERF) Open Sections,,"  25",1.00-4.00
Independent Study,238,Independent Study,Music Performance (MUSPERF) Open Sections,,"  25",1.00-4.00
Independent Study,241,Independent Study,Music Performance (MUSPERF) Open Sections,,"  25",1.00-4.00
Independent Study,269,Independent Study,Music Performance (MUSPERF) Open Sections,,"  25",1.00-4.00
Independent Study,001,Independent Study,Music Performance (MUSPERF) Open Sections,,"   1",1.00-4.00
Independent Study,238,Independent Study,Music Performance (MUSPERF) Open Sections,,"  25",1.00-4.00
Curr Practical Exp,001,Curr Practical Exp,Music Performance (MUSPERF) Open Sections,,"  25",1.00
Curr Practical Exp,003,Curr Practical Exp,Music Performance (MUSPERF) Open Sections,,"  25",1.00
Curr Practical Exp,004,Curr Practical Exp,Music Performance (MUSPERF) Open Sections,,"  25",1.00
Curr Practical Exp,005,Curr Practical Exp,Music Performance (MUSPERF) Open Sections,,"  25",1.00
Curr Practical Exp,007,Curr Practical Exp,Music Performance (MUSPERF) Open Sections,,"  25",1.00
Curr Practical Exp,014,Curr Practical Exp,Music Performance (MUSPERF) Open Sections,,"  25",1.00
Curr Practical Exp,016,Curr Practical Exp,Music Performance (MUSPERF) Open Sections,,"  25",1.00
Curr Practical Exp,026,Curr Practical Exp,Music Performance (MUSPERF) Open Sections,,"  25",1.00
Curr Practical Exp,029,Curr Practical Exp,Music Performance (MUSPERF) Open Sections,,"  25",1.00
Curr Practical Exp,066,Curr Practical Exp,Music Performance (MUSPERF) Open Sections,,"  25",1.00
Curr Practical Exp,163,Curr Practical Exp,Music Performance (MUSPERF) Open Sections,,"  25",1.00
Curr Practical Exp,181,Curr Practical Exp,Music Performance (MUSPERF) Open Sections,,"  25",1.00
Curr Practical Exp,240,Curr Practical Exp,Music Performance (MUSPERF) Open Sections,,"  25",1.00
Curr Practical Exp,381,Curr Practical Exp,Music Performance (MUSPERF) Open Sections,,"  25",1.00
Curr Practical Exp,002,Curr Practical Exp,Music Performance (MUSPERF) Open Sections,,"  25",1.00
Curr Practical Exp,006,Curr Practical Exp,Music Performance (MUSPERF) Open Sections,,"  25",1.00
Curr Practical Exp,008,Curr Practical Exp,Music Performance (MUSPERF) Open Sections,,"  25",1.00
Curr Practical Exp,013,Curr Practical Exp,Music Performance (MUSPERF) Open Sections,,"  25",1.00
Curr Practical Exp,030,Curr Practical Exp,Music Performance (MUSPERF) Open Sections,,"  25",1.00
Curr Practical Exp,102,Curr Practical Exp,Music Performance (MUSPERF) Open Sections,,"  25",1.00
Curr Practical Exp,105,Curr Practical Exp,Music Performance (MUSPERF) Open Sections,,"  25",1.00
Curr Practical Exp,126,Curr Practical Exp,Music Performance (MUSPERF) Open Sections,,"  25",1.00
Curr Practical Exp,129,Curr Practical Exp,Music Performance (MUSPERF) Open Sections,,"  25",1.00
Curr Practical Exp,211,Curr Practical Exp,Music Performance (MUSPERF) Open Sections,,"  25",1.00
Curr Practical Exp,226,Curr Practical Exp,Music Performance (MUSPERF) Open Sections,,"  25",1.00
Curr Practical Exp,253,Curr Practical Exp,Music Performance (MUSPERF) Open Sections,,"  25",1.00
Curr Practical Exp,281,Curr Practical Exp,Music Performance (MUSPERF) Open Sections,,"  25",1.00
Curr Practical Exp,306,Curr Practical Exp,Music Performance (MUSPERF) Open Sections,,"  25",1.00
Curr Practical Exp,307,Curr Practical Exp,Music Performance (MUSPERF) Open Sections,,"  25",1.00
Curr Practical Exp,326,Curr Practical Exp,Music Performance (MUSPERF) Open Sections,,"  25",1.00
Curr Practical Exp,481,Curr Practical Exp,Music Performance (MUSPERF) Open Sections,,"  25",1.00
Senior Recital,054,Senior Recital,Music Performance (MUSPERF) Open Sections,,"  25",0.00
Senior Recital,085,Senior Recital,Music Performance (MUSPERF) Open Sections,,"  25",0.00
Senior Recital,087,Senior Recital,Music Performance (MUSPERF) Open Sections,,"  25",0.00
Senior Recital,102,Senior Recital,Music Performance (MUSPERF) Open Sections,,"  25",0.00
Senior Recital,104,Senior Recital,Music Performance (MUSPERF) Open Sections,,"  25",0.00
Senior Recital,105,Senior Recital,Music Performance (MUSPERF) Open Sections,,"  25",0.00
Senior Recital,112,Senior Recital,Music Performance (MUSPERF) Open Sections,,"  25",0.00
Senior Recital,126,Senior Recital,Music Performance (MUSPERF) Open Sections,,"  25",0.00
Senior Recital,129,Senior Recital,Music Performance (MUSPERF) Open Sections,,"  25",0.00
Senior Recital,154,Senior Recital,Music Performance (MUSPERF) Open Sections,,"  25",0.00
Senior Recital,157,Senior Recital,Music Performance (MUSPERF) Open Sections,,"  25",0.00
Senior Recital,161,Senior Recital,Music Performance (MUSPERF) Open Sections,,"  25",0.00
Senior Recital,172,Senior Recital,Music Performance (MUSPERF) Open Sections,,"  25",0.00
Senior Recital,175,Senior Recital,Music Performance (MUSPERF) Open Sections,,"  25",0.00
Senior Recital,178,Senior Recital,Music Performance (MUSPERF) Open Sections,,"  25",0.00
Senior Recital,181,Senior Recital,Music Performance (MUSPERF) Open Sections,,"  25",0.00
Senior Recital,184,Senior Recital,Music Performance (MUSPERF) Open Sections,,"  25",0.00
Senior Recital,208,Senior Recital,Music Performance (MUSPERF) Open Sections,,"  25",0.00
Senior Recital,211,Senior Recital,Music Performance (MUSPERF) Open Sections,,"  25",0.00
Senior Recital,212,Senior Recital,Music Performance (MUSPERF) Open Sections,,"  25",0.00
Senior Recital,213,Senior Recital,Music Performance (MUSPERF) Open Sections,,"  24",0.00
Senior Recital,216,Senior Recital,Music Performance (MUSPERF) Open Sections,,"  25",0.00
Senior Recital,219,Senior Recital,Music Performance (MUSPERF) Open Sections,,"  25",0.00
Senior Recital,232,Senior Recital,Music Performance (MUSPERF) Open Sections,,"  25",0.00
Senior Recital,240,Senior Recital,Music Performance (MUSPERF) Open Sections,,"  25",0.00
Senior Recital,241,Senior Recital,Music Performance (MUSPERF) Open Sections,,"  25",0.00
Senior Recital,252,Senior Recital,Music Performance (MUSPERF) Open Sections,,"  25",0.00
Senior Recital,253,Senior Recital,Music Performance (MUSPERF) Open Sections,,"  25",0.00
Senior Recital,255,Senior Recital,Music Performance (MUSPERF) Open Sections,,"  25",0.00
Senior Recital,261,Senior Recital,Music Performance (MUSPERF) Open Sections,,"  25",0.00
Senior Recital,262,Senior Recital,Music Performance (MUSPERF) Open Sections,,"  25",0.00
Senior Recital,266,Senior Recital,Music Performance (MUSPERF) Open Sections,,"  25",0.00
Senior Recital,269,Senior Recital,Music Performance (MUSPERF) Open Sections,,"  25",0.00
Senior Recital,270,Senior Recital,Music Performance (MUSPERF) Open Sections,,"  24",0.00
Senior Recital,274,Senior Recital,Music Performance (MUSPERF) Open Sections,,"  25",0.00
Senior Recital,282,Senior Recital,Music Performance (MUSPERF) Open Sections,,"  25",0.00
Senior Recital,293,Senior Recital,Music Performance (MUSPERF) Open Sections,,"  24",0.00
Independent Study,001,Independent Study,Music Performance (MUSPERF) Open Sections,,"   1",1.00-4.00
Independent Study,054,Independent Study,Music Performance (MUSPERF) Open Sections,,"  25",1.00-4.00
Independent Study,126,Independent Study,Music Performance (MUSPERF) Open Sections,,"  25",1.00-4.00
Independent Study,238,Independent Study,Music Performance (MUSPERF) Open Sections,,"  25",1.00-4.00
Independent Study,241,Independent Study,Music Performance (MUSPERF) Open Sections,,"  25",1.00-4.00
Masters Recital,054,Masters Recital,Music Performance (MUSPERF) Open Sections,,"  25",0.00
Masters Recital,085,Masters Recital,Music Performance (MUSPERF) Open Sections,,"  25",0.00
Masters Recital,087,Masters Recital,Music Performance (MUSPERF) Open Sections,,"  25",0.00
Masters Recital,102,Masters Recital,Music Performance (MUSPERF) Open Sections,,"  25",0.00
Masters Recital,104,Masters Recital,Music Performance (MUSPERF) Open Sections,,"  25",0.00
Masters Recital,105,Masters Recital,Music Performance (MUSPERF) Open Sections,,"  25",0.00
Masters Recital,112,Masters Recital,Music Performance (MUSPERF) Open Sections,,"  25",0.00
Masters Recital,126,Masters Recital,Music Performance (MUSPERF) Open Sections,,"  25",0.00
Masters Recital,129,Masters Recital,Music Performance (MUSPERF) Open Sections,,"  25",0.00
Masters Recital,154,Masters Recital,Music Performance (MUSPERF) Open Sections,,"  25",0.00
Masters Recital,156,Masters Recital,Music Performance (MUSPERF) Open Sections,,"  25",0.00
Masters Recital,157,Masters Recital,Music Performance (MUSPERF) Open Sections,,"  25",0.00
Masters Recital,161,Masters Recital,Music Performance (MUSPERF) Open Sections,,"  25",0.00
Masters Recital,172,Masters Recital,Music Performance (MUSPERF) Open Sections,,"  25",0.00
Masters Recital,175,Masters Recital,Music Performance (MUSPERF) Open Sections,,"  25",0.00
Masters Recital,178,Masters Recital,Music Performance (MUSPERF) Open Sections,,"  25",0.00
Masters Recital,181,Masters Recital,Music Performance (MUSPERF) Open Sections,,"  25",0.00
Masters Recital,184,Masters Recital,Music Performance (MUSPERF) Open Sections,,"  25",0.00
Masters Recital,208,Masters Recital,Music Performance (MUSPERF) Open Sections,,"  25",0.00
Masters Recital,211,Masters Recital,Music Performance (MUSPERF) Open Sections,,"  25",0.00
Masters Recital,212,Masters Recital,Music Performance (MUSPERF) Open Sections,,"  25",0.00
Masters Recital,216,Masters Recital,Music Performance (MUSPERF) Open Sections,,"  25",0.00
Masters Recital,219,Masters Recital,Music Performance (MUSPERF) Open Sections,,"  25",0.00
Masters Recital,232,Masters Recital,Music Performance (MUSPERF) Open Sections,,"  25",0.00
Masters Recital,240,Masters Recital,Music Performance (MUSPERF) Open Sections,,"  25",0.00
Masters Recital,241,Masters Recital,Music Performance (MUSPERF) Open Sections,,"  25",0.00
Masters Recital,252,Masters Recital,Music Performance (MUSPERF) Open Sections,,"  25",0.00
Masters Recital,253,Masters Recital,Music Performance (MUSPERF) Open Sections,,"  25",0.00
Masters Recital,255,Masters Recital,Music Performance (MUSPERF) Open Sections,,"  25",0.00
Masters Recital,261,Masters Recital,Music Performance (MUSPERF) Open Sections,,"  25",0.00
Masters Recital,262,Masters Recital,Music Performance (MUSPERF) Open Sections,,"  25",0.00
Masters Recital,266,Masters Recital,Music Performance (MUSPERF) Open Sections,,"  25",0.00
Masters Recital,269,Masters Recital,Music Performance (MUSPERF) Open Sections,,"  25",0.00
Masters Recital,270,Masters Recital,Music Performance (MUSPERF) Open Sections,,"  25",0.00
Masters Recital,282,Masters Recital,Music Performance (MUSPERF) Open Sections,,"  25",0.00
Masters Recital,293,Masters Recital,Music Performance (MUSPERF) Open Sections,,"  25",0.00
Mstr Chamber Recital,044,Mstr Chamber Recital,Music Performance (MUSPERF) Open Sections,,"  25",0.00
Mstr Chamber Recital,054,Mstr Chamber Recital,Music Performance (MUSPERF) Open Sections,,"  25",0.00
Mstr Chamber Recital,102,Mstr Chamber Recital,Music Performance (MUSPERF) Open Sections,,"  25",0.00
Mstr Chamber Recital,104,Mstr Chamber Recital,Music Performance (MUSPERF) Open Sections,,"  25",0.00
Mstr Chamber Recital,105,Mstr Chamber Recital,Music Performance (MUSPERF) Open Sections,,"  25",0.00
Mstr Chamber Recital,126,Mstr Chamber Recital,Music Performance (MUSPERF) Open Sections,,"  25",0.00
Mstr Chamber Recital,129,Mstr Chamber Recital,Music Performance (MUSPERF) Open Sections,,"  25",0.00
Mstr Chamber Recital,154,Mstr Chamber Recital,Music Performance (MUSPERF) Open Sections,,"  25",0.00
Mstr Chamber Recital,157,Mstr Chamber Recital,Music Performance (MUSPERF) Open Sections,,"  25",0.00
Mstr Chamber Recital,172,Mstr Chamber Recital,Music Performance (MUSPERF) Open Sections,,"  25",0.00
Mstr Chamber Recital,178,Mstr Chamber Recital,Music Performance (MUSPERF) Open Sections,,"  25",0.00
Mstr Chamber Recital,181,Mstr Chamber Recital,Music Performance (MUSPERF) Open Sections,,"  25",0.00
Mstr Chamber Recital,184,Mstr Chamber Recital,Music Performance (MUSPERF) Open Sections,,"  25",0.00
Mstr Chamber Recital,232,Mstr Chamber Recital,Music Performance (MUSPERF) Open Sections,,"  25",0.00
Mstr Chamber Recital,253,Mstr Chamber Recital,Music Performance (MUSPERF) Open Sections,,"  25",0.00
Mstr Chamber Recital,255,Mstr Chamber Recital,Music Performance (MUSPERF) Open Sections,,"  25",0.00
Mstr Chamber Recital,261,Mstr Chamber Recital,Music Performance (MUSPERF) Open Sections,,"  25",0.00
Mstr Chamber Recital,266,Mstr Chamber Recital,Music Performance (MUSPERF) Open Sections,,"  25",0.00
Mstr Chamber Recital,269,Mstr Chamber Recital,Music Performance (MUSPERF) Open Sections,,"  25",0.00
Mstr Chamber Recital,270,Mstr Chamber Recital,Music Performance (MUSPERF) Open Sections,,"  25",0.00
Mstr Chamber Recital,293,Mstr Chamber Recital,Music Performance (MUSPERF) Open Sections,,"  25",0.00
Performance Seminar,156,Performance Seminar,Music Performance (MUSPERF) Open Sections,,"  74",1.00
Performance Seminar,156,Performance Seminar,Music Performance (MUSPERF) Open Sections,,"  74",1.00
Performance Seminar,157,Performance Seminar,Music Performance (MUSPERF) Open Sections,,"  75",1.00
Performance Seminar,157,Performance Seminar,Music Performance (MUSPERF) Open Sections,,"  75",1.00
Performance Seminar,161,Performance Seminar,Music Performance (MUSPERF) Open Sections,,"  44",1.00
Performance Seminar,162,Performance Seminar,Music Performance (MUSPERF) Open Sections,,"  60",1.00
Performance Seminar,163,Performance Seminar,Music Performance (MUSPERF) Open Sections,,"  60",1.00
Performance Seminar,163,Performance Seminar,Music Performance (MUSPERF) Open Sections,,"  60",1.00
Performance Seminar,172,Performance Seminar,Music Performance (MUSPERF) Open Sections,,"  50",1.00
Performance Seminar,175,Performance Seminar,Music Performance (MUSPERF) Open Sections,,"  75",1.00
Performance Seminar,178,Performance Seminar,Music Performance (MUSPERF) Open Sections,,"  75",1.00
Performance Seminar,178,Performance Seminar,Music Performance (MUSPERF) Open Sections,,"  75",1.00
Performance Seminar,181,Performance Seminar,Music Performance (MUSPERF) Open Sections,,"  70",1.00
Performance Seminar,181,Performance Seminar,Music Performance (MUSPERF) Open Sections,,"  70",1.00
Performance Seminar,232,Performance Seminar,Music Performance (MUSPERF) Open Sections,,"  75",1.00
Directed Perform,026,Directed Perform,Music Performance (MUSPERF) Open Sections,,"  25",2.00-4.00
Directed Perform,027,Directed Perform,Music Performance (MUSPERF) Open Sections,,"  25",2.00-4.00
Directed Perform,029,Directed Perform,Music Performance (MUSPERF) Open Sections,,"  25",2.00-4.00
Directed Perform,044,Directed Perform,Music Performance (MUSPERF) Open Sections,,"  25",2.00-4.00
Directed Perform,045,Directed Perform,Music Performance (MUSPERF) Open Sections,,"  25",2.00-4.00
Directed Perform,054,Directed Perform,Music Performance (MUSPERF) Open Sections,,"  25",2.00-4.00
Directed Perform,064,Directed Perform,Music Performance (MUSPERF) Open Sections,,"  25",2.00-4.00
Directed Perform,066,Directed Perform,Music Performance (MUSPERF) Open Sections,,"  25",2.00-4.00
Directed Perform,067,Directed Perform,Music Performance (MUSPERF) Open Sections,,"  25",2.00-4.00
Directed Perform,076,Directed Perform,Music Performance (MUSPERF) Open Sections,,"  25",2.00-4.00
Directed Perform,087,Directed Perform,Music Performance (MUSPERF) Open Sections,,"  25",2.00-4.00
Directed Perform,102,Directed Perform,Music Performance (MUSPERF) Open Sections,,"  25",2.00-4.00
Directed Perform,104,Directed Perform,Music Performance (MUSPERF) Open Sections,,"  25",2.00-4.00
Directed Perform,105,Directed Perform,Music Performance (MUSPERF) Open Sections,,"  25",2.00-4.00
Directed Perform,106,Directed Perform,Music Performance (MUSPERF) Open Sections,,"  25",2.00-4.00
Directed Perform,108,Directed Perform,Music Performance (MUSPERF) Open Sections,,"  25",2.00-4.00
Directed Perform,109,Directed Perform,Music Performance (MUSPERF) Open Sections,,"  25",2.00-4.00
Directed Perform,112,Directed Perform,Music Performance (MUSPERF) Open Sections,,"  25",2.00-4.00
Directed Perform,126,Directed Perform,Music Performance (MUSPERF) Open Sections,,"  25",2.00-4.00
Directed Perform,129,Directed Perform,Music Performance (MUSPERF) Open Sections,,"  25",2.00-4.00
Directed Perform,161,Directed Perform,Music Performance (MUSPERF) Open Sections,,"  25",2.00-4.00
Directed Perform,163,Directed Perform,Music Performance (MUSPERF) Open Sections,,"  25",2.00-4.00
Directed Perform,172,Directed Perform,Music Performance (MUSPERF) Open Sections,,"  25",2.00-4.00
Directed Perform,178,Directed Perform,Music Performance (MUSPERF) Open Sections,,"  25",2.00-4.00
Directed Perform,181,Directed Perform,Music Performance (MUSPERF) Open Sections,,"  25",2.00-4.00
Directed Perform,184,Directed Perform,Music Performance (MUSPERF) Open Sections,,"  25",2.00-4.00
Directed Perform,203,Directed Perform,Music Performance (MUSPERF) Open Sections,,"  25",2.00-4.00
Directed Perform,208,Directed Perform,Music Performance (MUSPERF) Open Sections,,"  25",2.00-4.00
Directed Perform,211,Directed Perform,Music Performance (MUSPERF) Open Sections,,"  25",2.00-4.00
Directed Perform,213,Directed Perform,Music Performance (MUSPERF) Open Sections,,"  25",2.00-4.00
Directed Perform,216,Directed Perform,Music Performance (MUSPERF) Open Sections,,"  25",2.00-4.00
Directed Perform,219,Directed Perform,Music Performance (MUSPERF) Open Sections,,"  25",2.00-4.00
Directed Perform,220,Directed Perform,Music Performance (MUSPERF) Open Sections,,"  25",2.00-4.00
Directed Perform,232,Directed Perform,Music Performance (MUSPERF) Open Sections,,"  25",2.00-4.00
Directed Perform,238,Directed Perform,Music Performance (MUSPERF) Open Sections,,"  25",2.00-4.00
Directed Perform,240,Directed Perform,Music Performance (MUSPERF) Open Sections,,"  25",2.00-4.00
Directed Perform,241,Directed Perform,Music Performance (MUSPERF) Open Sections,,"  25",2.00-4.00
Directed Perform,252,Directed Perform,Music Performance (MUSPERF) Open Sections,,"  25",2.00-4.00
Directed Perform,253,Directed Perform,Music Performance (MUSPERF) Open Sections,,"  25",2.00-4.00
Directed Perform,255,Directed Perform,Music Performance (MUSPERF) Open Sections,,"  25",2.00-4.00
Directed Perform,269,Directed Perform,Music Performance (MUSPERF) Open Sections,,"  25",2.00-4.00
Directed Perform,270,Directed Perform,Music Performance (MUSPERF) Open Sections,,"  25",2.00-4.00
Directed Perform,274,Directed Perform,Music Performance (MUSPERF) Open Sections,,"  25",2.00-4.00
Directed Perform,282,Directed Perform,Music Performance (MUSPERF) Open Sections,,"  25",2.00-4.00
Directed Perform,293,Directed Perform,Music Performance (MUSPERF) Open Sections,,"  25",2.00-4.00
Pno Chamber Mus&Acc,002,Pno Chamber Mus&Acc,Music Performance (MUSPERF) Open Sections,,"   8",2.00-4.00
Specialist Recital,112,Specialist Recital,Music Performance (MUSPERF) Open Sections,,"  25",0.00
Specialist Recital,154,Specialist Recital,Music Performance (MUSPERF) Open Sections,,"  25",0.00
Specialist Recital,157,Specialist Recital,Music Performance (MUSPERF) Open Sections,,"  25",0.00
Specialist Recital,161,Specialist Recital,Music Performance (MUSPERF) Open Sections,,"  25",0.00
Specialist Recital,163,Specialist Recital,Music Performance (MUSPERF) Open Sections,,"  25",0.00
Specialist Recital,172,Specialist Recital,Music Performance (MUSPERF) Open Sections,,"  25",0.00
Specialist Recital,178,Specialist Recital,Music Performance (MUSPERF) Open Sections,,"  25",0.00
Specialist Recital,181,Specialist Recital,Music Performance (MUSPERF) Open Sections,,"  25",0.00
Specialist Recital,184,Specialist Recital,Music Performance (MUSPERF) Open Sections,,"  25",0.00
Specialist Recital,208,Specialist Recital,Music Performance (MUSPERF) Open Sections,,"  25",0.00
Specialist Recital,211,Specialist Recital,Music Performance (MUSPERF) Open Sections,,"  25",0.00
Specialist Recital,212,Specialist Recital,Music Performance (MUSPERF) Open Sections,,"  25",0.00
Specialist Recital,216,Specialist Recital,Music Performance (MUSPERF) Open Sections,,"  25",0.00
Specialist Recital,219,Specialist Recital,Music Performance (MUSPERF) Open Sections,,"  25",0.00
Specialist Recital,232,Specialist Recital,Music Performance (MUSPERF) Open Sections,,"  25",0.00
Specialist Recital,240,Specialist Recital,Music Performance (MUSPERF) Open Sections,,"  25",0.00
Specialist Recital,241,Specialist Recital,Music Performance (MUSPERF) Open Sections,,"  25",0.00
Specialist Recital,253,Specialist Recital,Music Performance (MUSPERF) Open Sections,,"  25",0.00
Specialist Recital,255,Specialist Recital,Music Performance (MUSPERF) Open Sections,,"  25",0.00
Specialist Recital,261,Specialist Recital,Music Performance (MUSPERF) Open Sections,,"  25",0.00
Specialist Recital,266,Specialist Recital,Music Performance (MUSPERF) Open Sections,,"  25",0.00
Specialist Recital,269,Specialist Recital,Music Performance (MUSPERF) Open Sections,,"  25",0.00
Specialist Recital,270,Specialist Recital,Music Performance (MUSPERF) Open Sections,,"  25",0.00
Specialist Recital,282,Specialist Recital,Music Performance (MUSPERF) Open Sections,,"  25",0.00
Specialist Recital,293,Specialist Recital,Music Performance (MUSPERF) Open Sections,,"  25",0.00
Prof&Acad Developmt,001,Prof&Acad Developmt,Music Performance (MUSPERF) Open Sections,,"  12",1.00-4.00
Prof&Acad Developmt,004,Prof&Acad Developmt,Music Performance (MUSPERF) Open Sections,,"  23",1.00-4.00
Prof&Acad Developmt,002,Prof&Acad Developmt,Music Performance (MUSPERF) Open Sections,,"  10",1.00-4.00
Prof&Acad Developmt,003,Prof&Acad Developmt,Music Performance (MUSPERF) Open Sections,,"  12",1.00-4.00
Chamber Music,044,Chamber Music,Music Performance (MUSPERF) Open Sections,,"  25",1.00-4.00
Large Ensemble,026,Large Ensemble,Music Performance (MUSPERF) Open Sections,,"  25",1.00-4.00
Large Ensemble,029,Large Ensemble,Music Performance (MUSPERF) Open Sections,,"  25",1.00-4.00
Large Ensemble,044,Large Ensemble,Music Performance (MUSPERF) Open Sections,,"  25",1.00-4.00
Large Ensemble,047,Large Ensemble,Music Performance (MUSPERF) Open Sections,,"  25",1.00-4.00
Large Ensemble,048,Large Ensemble,Music Performance (MUSPERF) Open Sections,,"  25",1.00-4.00
Large Ensemble,054,Large Ensemble,Music Performance (MUSPERF) Open Sections,,"  25",1.00-4.00
Large Ensemble,154,Large Ensemble,Music Performance (MUSPERF) Open Sections,,"  25",1.00-4.00
Large Ensemble,253,Large Ensemble,Music Performance (MUSPERF) Open Sections,,"  25",1.00-4.00
Large Ensemble,274,Large Ensemble,Music Performance (MUSPERF) Open Sections,,"  25",1.00-4.00
Large Ensemble,296,Large Ensemble,Music Performance (MUSPERF) Open Sections,,"  25",1.00-4.00
Contemp Direct Ens,002,Contemp Direct Ens,Music Performance (MUSPERF) Open Sections,,"  25",1.00-2.00
Directed Perform,027,Directed Perform,Music Performance (MUSPERF) Open Sections,,"  25",2.00-6.00
Directed Perform,029,Directed Perform,Music Performance (MUSPERF) Open Sections,,"  25",2.00-6.00
Directed Perform,054,Directed Perform,Music Performance (MUSPERF) Open Sections,,"  25",2.00-6.00
Directed Perform,066,Directed Perform,Music Performance (MUSPERF) Open Sections,,"  25",2.00-6.00
Directed Perform,086,Directed Perform,Music Performance (MUSPERF) Open Sections,,"  25",2.00-6.00
Directed Perform,087,Directed Perform,Music Performance (MUSPERF) Open Sections,,"  25",2.00-6.00
Directed Perform,091,Directed Perform,Music Performance (MUSPERF) Open Sections,,"  25",2.00-6.00
Directed Perform,102,Directed Perform,Music Performance (MUSPERF) Open Sections,,"  25",2.00-6.00
Directed Perform,104,Directed Perform,Music Performance (MUSPERF) Open Sections,,"  35",2.00-6.00
Directed Perform,105,Directed Perform,Music Performance (MUSPERF) Open Sections,,"  25",2.00-6.00
Directed Perform,108,Directed Perform,Music Performance (MUSPERF) Open Sections,,"  25",2.00-6.00
Directed Perform,112,Directed Perform,Music Performance (MUSPERF) Open Sections,,"  35",2.00-6.00
Directed Perform,113,Directed Perform,Music Performance (MUSPERF) Open Sections,,"  25",2.00-6.00
Directed Perform,129,Directed Perform,Music Performance (MUSPERF) Open Sections,,"  35",2.00-6.00
Directed Perform,154,Directed Perform,Music Performance (MUSPERF) Open Sections,,"  25",2.00-6.00
Directed Perform,156,Directed Perform,Music Performance (MUSPERF) Open Sections,,"  25",2.00-6.00
Directed Perform,157,Directed Perform,Music Performance (MUSPERF) Open Sections,,"  25",2.00-6.00
Directed Perform,161,Directed Perform,Music Performance (MUSPERF) Open Sections,,"  25",2.00-6.00
Directed Perform,163,Directed Perform,Music Performance (MUSPERF) Open Sections,,"  25",2.00-6.00
Directed Perform,178,Directed Perform,Music Performance (MUSPERF) Open Sections,,"  25",2.00-6.00
Directed Perform,181,Directed Perform,Music Performance (MUSPERF) Open Sections,,"  25",2.00-6.00
Directed Perform,184,Directed Perform,Music Performance (MUSPERF) Open Sections,,"  25",2.00-6.00
Directed Perform,208,Directed Perform,Music Performance (MUSPERF) Open Sections,,"  25",2.00-6.00
Directed Perform,210,Directed Perform,Music Performance (MUSPERF) Open Sections,,"  25",2.00-6.00
Directed Perform,211,Directed Perform,Music Performance (MUSPERF) Open Sections,,"  35",2.00-6.00
Directed Perform,212,Directed Perform,Music Performance (MUSPERF) Open Sections,,"  25",2.00-6.00
Directed Perform,213,Directed Perform,Music Performance (MUSPERF) Open Sections,,"  25",2.00-6.00
Directed Perform,216,Directed Perform,Music Performance (MUSPERF) Open Sections,,"  25",2.00-6.00
Directed Perform,219,Directed Perform,Music Performance (MUSPERF) Open Sections,,"  35",2.00-6.00
Directed Perform,220,Directed Perform,Music Performance (MUSPERF) Open Sections,,"  25",2.00-6.00
Directed Perform,232,Directed Perform,Music Performance (MUSPERF) Open Sections,,"  25",2.00-6.00
Directed Perform,240,Directed Perform,Music Performance (MUSPERF) Open Sections,,"  25",2.00-6.00
Directed Perform,241,Directed Perform,Music Performance (MUSPERF) Open Sections,,"  25",2.00-6.00
Directed Perform,251,Directed Perform,Music Performance (MUSPERF) Open Sections,,"  25",2.00-6.00
Directed Perform,252,Directed Perform,Music Performance (MUSPERF) Open Sections,,"  25",2.00-6.00
Directed Perform,253,Directed Perform,Music Performance (MUSPERF) Open Sections,,"  25",2.00-6.00
Directed Perform,255,Directed Perform,Music Performance (MUSPERF) Open Sections,,"  25",2.00-6.00
Directed Perform,261,Directed Perform,Music Performance (MUSPERF) Open Sections,,"  25",2.00-6.00
Directed Perform,262,Directed Perform,Music Performance (MUSPERF) Open Sections,,"  25",2.00-6.00
Directed Perform,266,Directed Perform,Music Performance (MUSPERF) Open Sections,,"  25",2.00-6.00
Directed Perform,269,Directed Perform,Music Performance (MUSPERF) Open Sections,,"  25",2.00-6.00
Directed Perform,270,Directed Perform,Music Performance (MUSPERF) Open Sections,,"  25",2.00-6.00
Directed Perform,274,Directed Perform,Music Performance (MUSPERF) Open Sections,,"  25",2.00-6.00
Directed Perform,279,Directed Perform,Music Performance (MUSPERF) Open Sections,,"  25",2.00-6.00
Directed Perform,282,Directed Perform,Music Performance (MUSPERF) Open Sections,,"  25",2.00-6.00
Directed Perform,283,Directed Perform,Music Performance (MUSPERF) Open Sections,,"  25",2.00-6.00
Directed Perform,292,Directed Perform,Music Performance (MUSPERF) Open Sections,,"  25",2.00-6.00
Directed Perform,293,Directed Perform,Music Performance (MUSPERF) Open Sections,,"  35",2.00-6.00
Directed Perform,296,Directed Perform,Music Performance (MUSPERF) Open Sections,,"  25",2.00-6.00
Preliminary Exam,104,Preliminary Exam,Music Performance (MUSPERF) Open Sections,,"  25",1.00
Preliminary Exam,105,Preliminary Exam,Music Performance (MUSPERF) Open Sections,,"  25",1.00
Preliminary Exam,108,Preliminary Exam,Music Performance (MUSPERF) Open Sections,,"  25",1.00
Preliminary Exam,112,Preliminary Exam,Music Performance (MUSPERF) Open Sections,,"  25",1.00
Preliminary Exam,129,Preliminary Exam,Music Performance (MUSPERF) Open Sections,,"  25",1.00
Preliminary Exam,161,Preliminary Exam,Music Performance (MUSPERF) Open Sections,,"  25",1.00
Preliminary Exam,178,Preliminary Exam,Music Performance (MUSPERF) Open Sections,,"  25",1.00
Preliminary Exam,181,Preliminary Exam,Music Performance (MUSPERF) Open Sections,,"  25",1.00
Preliminary Exam,184,Preliminary Exam,Music Performance (MUSPERF) Open Sections,,"  25",1.00
Preliminary Exam,211,Preliminary Exam,Music Performance (MUSPERF) Open Sections,,"  25",1.00
Preliminary Exam,212,Preliminary Exam,Music Performance (MUSPERF) Open Sections,,"  25",1.00
Preliminary Exam,216,Preliminary Exam,Music Performance (MUSPERF) Open Sections,,"  25",1.00
Preliminary Exam,293,Preliminary Exam,Music Performance (MUSPERF) Open Sections,,"  25",1.00
Diss-Precand,027,Diss-Precand,Music Performance (MUSPERF) Open Sections,,"  25",1.00-8.00
Diss-Precand,066,Diss-Precand,Music Performance (MUSPERF) Open Sections,,"  25",1.00-8.00
Diss-Precand,086,Diss-Precand,Music Performance (MUSPERF) Open Sections,,"  25",1.00-8.00
Diss-Precand,087,Diss-Precand,Music Performance (MUSPERF) Open Sections,,"  25",1.00-8.00
Diss-Precand,104,Diss-Precand,Music Performance (MUSPERF) Open Sections,,"  35",1.00-8.00
Diss-Precand,105,Diss-Precand,Music Performance (MUSPERF) Open Sections,,"  25",1.00-8.00
Diss-Precand,108,Diss-Precand,Music Performance (MUSPERF) Open Sections,,"  25",1.00-8.00
Diss-Precand,112,Diss-Precand,Music Performance (MUSPERF) Open Sections,,"  35",1.00-8.00
Diss-Precand,113,Diss-Precand,Music Performance (MUSPERF) Open Sections,,"  25",1.00-8.00
Diss-Precand,129,Diss-Precand,Music Performance (MUSPERF) Open Sections,,"  35",1.00-8.00
Diss-Precand,156,Diss-Precand,Music Performance (MUSPERF) Open Sections,,"  25",1.00-8.00
Diss-Precand,157,Diss-Precand,Music Performance (MUSPERF) Open Sections,,"  25",1.00-8.00
Diss-Precand,161,Diss-Precand,Music Performance (MUSPERF) Open Sections,,"  35",1.00-8.00
Diss-Precand,163,Diss-Precand,Music Performance (MUSPERF) Open Sections,,"  25",1.00-8.00
Diss-Precand,172,Diss-Precand,Music Performance (MUSPERF) Open Sections,,"  25",1.00-8.00
Diss-Precand,178,Diss-Precand,Music Performance (MUSPERF) Open Sections,,"  25",1.00-8.00
Diss-Precand,181,Diss-Precand,Music Performance (MUSPERF) Open Sections,,"  25",1.00-8.00
Diss-Precand,184,Diss-Precand,Music Performance (MUSPERF) Open Sections,,"  25",1.00-8.00
Diss-Precand,211,Diss-Precand,Music Performance (MUSPERF) Open Sections,,"  35",1.00-8.00
Diss-Precand,212,Diss-Precand,Music Performance (MUSPERF) Open Sections,,"  25",1.00-8.00
Diss-Precand,216,Diss-Precand,Music Performance (MUSPERF) Open Sections,,"  25",1.00-8.00
Diss-Precand,219,Diss-Precand,Music Performance (MUSPERF) Open Sections,,"  25",1.00-8.00
Diss-Precand,232,Diss-Precand,Music Performance (MUSPERF) Open Sections,,"  25",1.00-8.00
Diss-Precand,240,Diss-Precand,Music Performance (MUSPERF) Open Sections,,"  25",1.00-8.00
Diss-Precand,241,Diss-Precand,Music Performance (MUSPERF) Open Sections,,"  25",1.00-8.00
Diss-Precand,252,Diss-Precand,Music Performance (MUSPERF) Open Sections,,"  25",1.00-8.00
Diss-Precand,253,Diss-Precand,Music Performance (MUSPERF) Open Sections,,"  25",1.00-8.00
Diss-Precand,255,Diss-Precand,Music Performance (MUSPERF) Open Sections,,"  25",1.00-8.00
Diss-Precand,261,Diss-Precand,Music Performance (MUSPERF) Open Sections,,"  25",1.00-8.00
Diss-Precand,262,Diss-Precand,Music Performance (MUSPERF) Open Sections,,"  25",1.00-8.00
Diss-Precand,266,Diss-Precand,Music Performance (MUSPERF) Open Sections,,"  25",1.00-8.00
Diss-Precand,269,Diss-Precand,Music Performance (MUSPERF) Open Sections,,"  25",1.00-8.00
Diss-Precand,270,Diss-Precand,Music Performance (MUSPERF) Open Sections,,"  25",1.00-8.00
Diss-Precand,274,Diss-Precand,Music Performance (MUSPERF) Open Sections,,"  25",1.00-8.00
Diss-Precand,282,Diss-Precand,Music Performance (MUSPERF) Open Sections,,"  25",1.00-8.00
Diss-Precand,283,Diss-Precand,Music Performance (MUSPERF) Open Sections,,"  25",1.00-8.00
Diss-Precand,292,Diss-Precand,Music Performance (MUSPERF) Open Sections,,"  25",1.00-8.00
Diss-Precand,293,Diss-Precand,Music Performance (MUSPERF) Open Sections,,"  35",1.00-8.00
Diss-Precand,296,Diss-Precand,Music Performance (MUSPERF) Open Sections,,"  25",1.00-8.00
Diss-Cand,026,Diss-Cand,Music Performance (MUSPERF) Open Sections,,"  25",8.00
Diss-Cand,027,Diss-Cand,Music Performance (MUSPERF) Open Sections,,"  25",8.00
Diss-Cand,054,Diss-Cand,Music Performance (MUSPERF) Open Sections,,"  25",8.00
Diss-Cand,066,Diss-Cand,Music Performance (MUSPERF) Open Sections,,"  25",8.00
Diss-Cand,067,Diss-Cand,Music Performance (MUSPERF) Open Sections,,"  25",8.00
Diss-Cand,086,Diss-Cand,Music Performance (MUSPERF) Open Sections,,"  25",8.00
Diss-Cand,087,Diss-Cand,Music Performance (MUSPERF) Open Sections,,"  25",8.00
Diss-Cand,102,Diss-Cand,Music Performance (MUSPERF) Open Sections,,"  25",8.00
Diss-Cand,104,Diss-Cand,Music Performance (MUSPERF) Open Sections,,"  35",8.00
Diss-Cand,105,Diss-Cand,Music Performance (MUSPERF) Open Sections,,"  25",8.00
Diss-Cand,108,Diss-Cand,Music Performance (MUSPERF) Open Sections,,"  25",8.00
Diss-Cand,112,Diss-Cand,Music Performance (MUSPERF) Open Sections,,"  35",8.00
Diss-Cand,113,Diss-Cand,Music Performance (MUSPERF) Open Sections,,"  25",8.00
Diss-Cand,129,Diss-Cand,Music Performance (MUSPERF) Open Sections,,"  35",8.00
Diss-Cand,156,Diss-Cand,Music Performance (MUSPERF) Open Sections,,"  25",8.00
Diss-Cand,161,Diss-Cand,Music Performance (MUSPERF) Open Sections,,"  35",8.00
Diss-Cand,163,Diss-Cand,Music Performance (MUSPERF) Open Sections,,"  25",8.00
Diss-Cand,172,Diss-Cand,Music Performance (MUSPERF) Open Sections,,"  25",8.00
Diss-Cand,178,Diss-Cand,Music Performance (MUSPERF) Open Sections,,"  25",8.00
Diss-Cand,181,Diss-Cand,Music Performance (MUSPERF) Open Sections,,"  25",8.00
Diss-Cand,184,Diss-Cand,Music Performance (MUSPERF) Open Sections,,"  25",8.00
Diss-Cand,211,Diss-Cand,Music Performance (MUSPERF) Open Sections,,"  35",8.00
Diss-Cand,212,Diss-Cand,Music Performance (MUSPERF) Open Sections,,"  25",8.00
Diss-Cand,216,Diss-Cand,Music Performance (MUSPERF) Open Sections,,"  25",8.00
Diss-Cand,225,Diss-Cand,Music Performance (MUSPERF) Open Sections,,"  25",8.00
Diss-Cand,232,Diss-Cand,Music Performance (MUSPERF) Open Sections,,"  25",8.00
Diss-Cand,240,Diss-Cand,Music Performance (MUSPERF) Open Sections,,"  25",8.00
Diss-Cand,241,Diss-Cand,Music Performance (MUSPERF) Open Sections,,"  25",8.00
Diss-Cand,251,Diss-Cand,Music Performance (MUSPERF) Open Sections,,"  25",8.00
Diss-Cand,252,Diss-Cand,Music Performance (MUSPERF) Open Sections,,"  25",8.00
Diss-Cand,253,Diss-Cand,Music Performance (MUSPERF) Open Sections,,"  25",8.00
Diss-Cand,255,Diss-Cand,Music Performance (MUSPERF) Open Sections,,"  25",8.00
Diss-Cand,261,Diss-Cand,Music Performance (MUSPERF) Open Sections,,"  25",8.00
Diss-Cand,262,Diss-Cand,Music Performance (MUSPERF) Open Sections,,"  25",8.00
Diss-Cand,266,Diss-Cand,Music Performance (MUSPERF) Open Sections,,"  25",8.00
Diss-Cand,269,Diss-Cand,Music Performance (MUSPERF) Open Sections,,"  25",8.00
Diss-Cand,270,Diss-Cand,Music Performance (MUSPERF) Open Sections,,"  25",8.00
Diss-Cand,274,Diss-Cand,Music Performance (MUSPERF) Open Sections,,"  25",8.00
Diss-Cand,282,Diss-Cand,Music Performance (MUSPERF) Open Sections,,"  25",8.00
Diss-Cand,283,Diss-Cand,Music Performance (MUSPERF) Open Sections,,"  25",8.00
Diss-Cand,292,Diss-Cand,Music Performance (MUSPERF) Open Sections,,"  25",8.00
Diss-Cand,293,Diss-Cand,Music Performance (MUSPERF) Open Sections,,"  35",8.00
Diss-Cand,296,Diss-Cand,Music Performance (MUSPERF) Open Sections,,"  25",8.00
Curr Prac Project,001,Curr Prac Project,Music Performance (MUSPERF) Open Sections,,"  25",1.00
Curr Prac Project,002,Curr Prac Project,Music Performance (MUSPERF) Open Sections,,"  25",1.00
Curr Prac Project,003,Curr Prac Project,Music Performance (MUSPERF) Open Sections,,"  25",1.00
Curr Prac Project,029,Curr Prac Project,Music Performance (MUSPERF) Open Sections,,"  25",1.00
Curr Prac Project,035,Curr Prac Project,Music Performance (MUSPERF) Open Sections,,"  25",1.00
Curr Prac Project,105,Curr Prac Project,Music Performance (MUSPERF) Open Sections,,"  25",1.00
Curr Prac Project,108,Curr Prac Project,Music Performance (MUSPERF) Open Sections,,"  25",1.00
Curr Prac Project,172,Curr Prac Project,Music Performance (MUSPERF) Open Sections,,"  25",1.00
Curr Prac Project,232,Curr Prac Project,Music Performance (MUSPERF) Open Sections,,"  25",1.00
Curr Prac Project,253,Curr Prac Project,Music Performance (MUSPERF) Open Sections,,"  25",1.00
Curr Prac Project,262,Curr Prac Project,Music Performance (MUSPERF) Open Sections,,"  25",1.00
Curr Prac Project,279,Curr Prac Project,Music Performance (MUSPERF) Open Sections,,"  25",1.00
Curr Prac Project,282,Curr Prac Project,Music Performance (MUSPERF) Open Sections,,"  25",1.00
Curr Prac Project,296,Curr Prac Project,Music Performance (MUSPERF) Open Sections,,"  25",1.00
Drawing: Observation,001,Drawing: Observation,Art and Design (ARTDES) Open Sections,,"  18",3.00
Drawing: Observation,002,Drawing: Observation,Art and Design (ARTDES) Open Sections,,"  18",3.00
Drawing: Observation,003,Drawing: Observation,Art and Design (ARTDES) Open Sections,,"  18",3.00
Drawing: Observation,004,Drawing: Observation,Art and Design (ARTDES) Open Sections,,"  18",3.00
Drawing: Observation,005,Drawing: Observation,Art and Design (ARTDES) Open Sections,,"  18",3.00
Drawing: Observation,006,Drawing: Observation,Art and Design (ARTDES) Open Sections,,"  16",3.00
Drawing: Observation,007,Drawing: Observation,Art and Design (ARTDES) Open Sections,,"  18",3.00
Drawing: Observation,008,Drawing: Observation,Art and Design (ARTDES) Open Sections,,"  18",3.00
Drawing: Observation,009,Drawing: Observation,Art and Design (ARTDES) Open Sections,,"  18",3.00
Drawing: Observation,010,Drawing: Observation,Art and Design (ARTDES) Open Sections,,"  18",3.00
Drawing: Observation,011,Drawing: Observation,Art and Design (ARTDES) Open Sections,,"  18",3.00
Drawing: Observation,012,Drawing: Observation,Art and Design (ARTDES) Open Sections,,"  17",3.00
Drawing: Visualizatn,001,Drawing: Visualizatn,Art and Design (ARTDES) Open Sections,,"  15",3.00
Studio: 2D,001,Studio: 2D,Art and Design (ARTDES) Open Sections,,"  16",3.00
Studio: 2D,002,Studio: 2D,Art and Design (ARTDES) Open Sections,,"  16",3.00
Studio: 2D,003,Studio: 2D,Art and Design (ARTDES) Open Sections,,"  18",3.00
Studio: 2D,004,Studio: 2D,Art and Design (ARTDES) Open Sections,,"  17",3.00
Studio: 2D,005,Studio: 2D,Art and Design (ARTDES) Open Sections,,"  17",3.00
Studio: 2D,006,Studio: 2D,Art and Design (ARTDES) Open Sections,,"  18",3.00
Studio: 2D,007,Studio: 2D,Art and Design (ARTDES) Open Sections,,"  18",3.00
Studio: 2D,008,Studio: 2D,Art and Design (ARTDES) Open Sections,,"  18",3.00
Studio: 2D,009,Studio: 2D,Art and Design (ARTDES) Open Sections,,"  18",3.00
Studio: 2D,010,Studio: 2D,Art and Design (ARTDES) Open Sections,,"  17",3.00
Studio: 2D,011,Studio: 2D,Art and Design (ARTDES) Open Sections,,"  18",3.00
Studio: 2D,012,Studio: 2D,Art and Design (ARTDES) Open Sections,,"  18",3.00
Studio: 3D,001,Studio: 3D,Art and Design (ARTDES) Open Sections,,"  17",3.00
Studio: 3D,002,Studio: 3D,Art and Design (ARTDES) Open Sections,,"  15",3.00
Studio: 3D,003,Studio: 3D,Art and Design (ARTDES) Open Sections,,"  16",3.00
Studio: 3D,004,Studio: 3D,Art and Design (ARTDES) Open Sections,,"  18",3.00
Studio: 3D,005,Studio: 3D,Art and Design (ARTDES) Open Sections,,"  18",3.00
Studio: 3D,006,Studio: 3D,Art and Design (ARTDES) Open Sections,,"  18",3.00
Studio: 3D,007,Studio: 3D,Art and Design (ARTDES) Open Sections,,"  18",3.00
Studio: 3D,008,Studio: 3D,Art and Design (ARTDES) Open Sections,,"  18",3.00
Studio: 3D,009,Studio: 3D,Art and Design (ARTDES) Open Sections,,"  17",3.00
Studio: 3D,010,Studio: 3D,Art and Design (ARTDES) Open Sections,,"  17",3.00
Studio: 3D,011,Studio: 3D,Art and Design (ARTDES) Open Sections,,"  16",3.00
Studio: 3D,012,Studio: 3D,Art and Design (ARTDES) Open Sections,,"  18",3.00
Studio: 4D,001,Studio: 4D,Art and Design (ARTDES) Open Sections,,"  14",3.00
Studio: 4D,002,Studio: 4D,Art and Design (ARTDES) Open Sections,,"  14",3.00
First Year Writing,001,First Year Writing,Art and Design (ARTDES) Open Sections,,"  13",4.00
First Year Writing,002,First Year Writing,Art and Design (ARTDES) Open Sections,,"  17",4.00
CreativeProcessStrat,001,CreativeProcessStrat,Art and Design (ARTDES) Open Sections,,"  11",3.00
CreativeProcessStrat,002,CreativeProcessStrat,Art and Design (ARTDES) Open Sections,,"  14",3.00
Art&Des in Context,012,Art&Des in Context,Art and Design (ARTDES) Open Sections,,"   3",3.00
Art&Des in Context,013,Art&Des in Context,Art and Design (ARTDES) Open Sections,,"   7",3.00
Art&Des in Context,001,Art&Des in Context,Art and Design (ARTDES) Open Sections,," ",3.00
Lecture Series I,001,Lecture Series I,Art and Design (ARTDES) Open Sections,," 405",1.00
Graphic Design,004,Graphic Design,Art and Design (ARTDES) Open Sections,,"   1",3.00
Photoshop,001,Photoshop,Art and Design (ARTDES) Open Sections,,"   5",1.00
Illustrator,001,Illustrator,Art and Design (ARTDES) Open Sections,,"   9",1.00
Intro to Ceramics,001,Intro to Ceramics,Art and Design (ARTDES) Open Sections,,"   2",3.00
Design Drawing,001,Design Drawing,Art and Design (ARTDES) Open Sections,,"  13",3.00
Fiber Structures,001,Fiber Structures,Art and Design (ARTDES) Open Sections,,"   2",3.00
Fiber Structures,001,Fiber Structures,Art and Design (ARTDES) Open Sections,,"   2",3.00
Typography,002,Typography,Art and Design (ARTDES) Open Sections,,"   3",3.00
Sign and Symbol,001,Sign and Symbol,Art and Design (ARTDES) Open Sections,,"   2",3.00
Fab: Bits and Atoms,001,Fab: Bits and Atoms,Art and Design (ARTDES) Open Sections,,"  14",3.00
Intro Printmaking,001,Intro Printmaking,Art and Design (ARTDES) Open Sections,,"  10",3.00
Intro Printmaking,001,Intro Printmaking,Art and Design (ARTDES) Open Sections,,"  10",3.00
Intro Printmaking,002,Intro Printmaking,Art and Design (ARTDES) Open Sections,,"   1",3.00
Intro Printmaking,002,Intro Printmaking,Art and Design (ARTDES) Open Sections,,"   1",3.00
Creative Programming,001,Creative Programming,Art and Design (ARTDES) Open Sections,,"   5",3.00
Product Design,001,Product Design,Art and Design (ARTDES) Open Sections,,"   8",3.00
Intro to Animation,001,Intro to Animation,Art and Design (ARTDES) Open Sections,,"  12",3.00
Intro to Photo,001,Intro to Photo,Art and Design (ARTDES) Open Sections,,"   7",3.00
Intro to Sculpture,001,Intro to Sculpture,Art and Design (ARTDES) Open Sections,,"   3",3.00
Intro to Video,001,Intro to Video,Art and Design (ARTDES) Open Sections,,"   2",3.00
Figure Drawing,002,Figure Drawing,Art and Design (ARTDES) Open Sections,,"   2",3.00
Color,001,Color,Art and Design (ARTDES) Open Sections,,"   9",3.00
Special Topics,001,Special Topics,Art and Design (ARTDES) Open Sections,,"  13",3.00
Ceramics Resrch&Exp,001,Ceramics Resrch&Exp,Art and Design (ARTDES) Open Sections,,"   5",3.00
Campaign for Voting,001,Campaign for Voting,Art and Design (ARTDES) Open Sections,,"   2",3.00
Experimental Animatn,001,Experimental Animatn,Art and Design (ARTDES) Open Sections,,"   8",3.00
Experimental Video,001,Experimental Video,Art and Design (ARTDES) Open Sections,,"  13",3.00
Experimental Video,001,Experimental Video,Art and Design (ARTDES) Open Sections,,"  13",3.00
Information Design,001,Information Design,Art and Design (ARTDES) Open Sections,,"   3",3.00
Interaction Design,001,Interaction Design,Art and Design (ARTDES) Open Sections,,"   7",3.00
Interaction Design,002,Interaction Design,Art and Design (ARTDES) Open Sections,,"   1",3.00
Independent Study,044,Independent Study,Art and Design (ARTDES) Open Sections,,"  24",1.00-3.00
Internship,010,Internship,Art and Design (ARTDES) Open Sections,,"  23",1.00-3.00
Publication Design,001,Publication Design,Art and Design (ARTDES) Open Sections,,"   8",3.00
Marking Memory,001,Marking Memory,Art and Design (ARTDES) Open Sections,,"   6",3.00
Mediated Spaces,001,Mediated Spaces,Art and Design (ARTDES) Open Sections,,"  11",3.00
GenRaceSxualityPhoto,001,GenRaceSxualityPhoto,Art and Design (ARTDES) Open Sections,,"   9",3.00
Professn'l Practice,001,Professn'l Practice,Art and Design (ARTDES) Open Sections,,"   1",3.00
Sr IndependentStudio,001,Sr IndependentStudio,Art and Design (ARTDES) Open Sections,,"   3",3.00
Sr IndependentStudio,002,Sr IndependentStudio,Art and Design (ARTDES) Open Sections,,"   7",3.00
Unfashionable,001,Unfashionable,Art and Design (ARTDES) Open Sections,,"   4",3.00
Unfashionable,001,Unfashionable,Art and Design (ARTDES) Open Sections,,"   4",3.00
IPD,001,IPD,Art and Design (ARTDES) Open Sections,,"   4",3.00
IPD,001,IPD,Art and Design (ARTDES) Open Sections,,"   4",3.00
IPD,001,IPD,Art and Design (ARTDES) Open Sections,,"   4",3.00
Delightful Design,001,Delightful Design,Art and Design (ARTDES) Open Sections,,"  10",3.00
Exhibition Design,001,Exhibition Design,Art and Design (ARTDES) Open Sections,,"  10",3.00
Int Project I,003,Int Project I,Art and Design (ARTDES) Open Sections,,"   6",3.00
Int Project I,006,Int Project I,Art and Design (ARTDES) Open Sections,,"  12",3.00
IPD,001,IPD,Art and Design (ARTDES) Open Sections,,"   2",3.00
MFA Research Methods,001,MFA Research Methods,Art and Design (ARTDES) Open Sections,,"  12",3.00
Art Theory Seminar,001,Art Theory Seminar,Art and Design (ARTDES) Open Sections,,"  18",3.00
MFA Critique,001,MFA Critique,Art and Design (ARTDES) Open Sections,,"  12",3.00
MFA Directed Studio,001,MFA Directed Studio,Art and Design (ARTDES) Open Sections,,"   1",6.00
MFA Directed Studio,002,MFA Directed Studio,Art and Design (ARTDES) Open Sections,,"   1",6.00
MFA Directed Studio,003,MFA Directed Studio,Art and Design (ARTDES) Open Sections,,"   1",6.00
MFA Directed Studio,004,MFA Directed Studio,Art and Design (ARTDES) Open Sections,,"   1",6.00
MFA Directed Studio,005,MFA Directed Studio,Art and Design (ARTDES) Open Sections,,"   1",6.00
MFA Directed Studio,006,MFA Directed Studio,Art and Design (ARTDES) Open Sections,,"   1",6.00
MFA Prof Practice,001,MFA Prof Practice,Art and Design (ARTDES) Open Sections,,"   8",3.00
MFA Critique,001,MFA Critique,Art and Design (ARTDES) Open Sections,,"   8",3.00
MFA Thesis Studio,002,MFA Thesis Studio,Art and Design (ARTDES) Open Sections,,"   1",6.00
MFA Thesis Studio,004,MFA Thesis Studio,Art and Design (ARTDES) Open Sections,,"   1",6.00
MFA Thesis Studio,005,MFA Thesis Studio,Art and Design (ARTDES) Open Sections,,"   1",6.00
MFA Thesis Studio,007,MFA Thesis Studio,Art and Design (ARTDES) Open Sections,,"   1",6.00
MFA Thesis Studio,008,MFA Thesis Studio,Art and Design (ARTDES) Open Sections,,"   1",6.00
Int'l Project,001,Int'l Project,Art and Design (ARTDES) Open Sections,,"   8",3.00
